User_id,accNr,iban,balance
48,6305759070,AT30 9941 3497 2207 5199,49793879.1099
26,6122746281,RO06 LLPK K0H7 Q8JK E1YD RRYM,62288898.0291
24,6869044805,GL28 4193 9128 3041 61,63682154.4633
23,9001089276,GR18 5625 256J TD9K RDEY XOSD XUU,23151350.008
45,6900566759,MC31 2514 1727 78XD 1ZOP GFNH L42,3327368.2604
25,6779787173,FR85 1541 6657 20YH XIMR O5H9 T00,22637357.7086
11,9535453468,ME33 0207 2084 2216 5605 49,95237138.5295
39,6618362557,SE88 3170 3953 8972 9447 0570,58436000.1685
32,5598551574,MT47 YGGF 8103 4DFB 12JT WXG6 ONLD GKE,52270617.0237
15,9499963698,LT36 5273 0279 2708 3784,96618181.3695
25,5585942170,GR47 9118 849H M609 BHXK C36X IAZ,18323542.5198
17,9969627363,PL37 4710 4223 0469 7020 4736 3081,3027455.1653
48,8043102365,NO11 8624 0967 519,77696004.4382
3,9681336435,PK84 JJXJ BN4U 3M9V SG6V UHUC,27915363.917
12,8426086843,PS68 TVXO HKLX XBMA EDCQ SGF6 RIJR F,32973527.2108
10,9717216516,SM34 A957 0601 309X GZBJ QS6R YXE,49537048.5206
38,8416655574,MU62 VHKY 4017 8332 4667 2841 476P WZ,55103984.1017
19,7324504695,LI29 3666 8IKV JYJ8 6KAH E,49215530.9445
25,6644342370,CZ26 9212 3896 9777 3944 4003,57182912.0041
30,9163221553,ME13 7418 3644 5630 7247 07,37467602.3229
1,6445877530,BE24 3430 8632 9645,17600970.249
25,8057388161,AL57 4308 4810 QGEP XDWC A9DA 01GR,32473122.9922
20,5151736849,BG15 DGAH 5212 95BV EYLI 3R,29600900.704
48,9061319301,GR07 9577 161T EBMY SVZH KPN3 VBG,35142622.7903
41,9468542649,LU27 666X ANOU V0N1 ZLOR,20780937.4694
47,6211566348,FO50 1758 8403 4282 02,12212379.3534
39,7375625607,IL42 9856 0527 0988 8274 973,43579073.2643
29,6422364969,FO04 4296 9927 7122 42,11736444.5666
50,5962022964,AE92 2822 5061 8592 9081 207,68405393.2439
9,8959073443,ES78 4713 4307 0991 8477 6416,16940851.7849
4,7049970309,GE15 QR03 2976 4727 3838 32,76285356.9152
24,7152567576,FR21 2916 5117 78JI WAS0 HCBH L65,30746093.2636
5,9731122200,MT85 ASYQ 1040 8CTJ O3B3 ZC1C N6IG RAS,31908782.1983
22,6453165985,DO43 FRY1 9151 7243 4900 4423 5355,57115895.4771
11,9860154997,AT09 4530 2013 7631 6269,20328097.3452
20,9518340522,TR68 3881 3I3T M1JO EDXT ZNFI OQ,38996153.5136
38,8844532904,IE24 WKYW 5395 2723 0735 23,53379812.3734
19,6068244454,PL94 9577 8475 6750 6197 2464 6794,29472063.0506
31,8242874628,MR76 9793 6397 9455 6821 0852 501,42671097.7894
39,5577381990,MC17 1277 9696 14UO H3FC CJMA C74,49002064.4039
14,8639966308,PL26 8988 0004 2164 0796 8308 8263,77042288.3921
46,9941104794,TR39 3535 53RY 2FNE AOZZ CLNR UT,70180811.5137
36,7091032953,MC18 1988 4026 75OA SQO1 7OIC T80,12613491.8113
13,6765448060,LU29 402V 18HG APPD IFFE,22569618.0347
24,5385096800,FR16 0739 3662 426V NKGA JFAX 347,43901850.2577
21,9737749691,AE58 5392 7080 6845 1915 987,87452246.7463
38,7393900808,MD70 UFYR U14N 5W4I ELOE WT7G,32455780.8866
42,9946798189,IL75 8879 1045 0921 6712 101,97427565.1565
21,8608786034,BE31 2708 3910 6224,35477247.2777
16,5691281705,LU55 674H TUSP GPZ0 ZREQ,9193139.0406
1,7769297733,DO05 HNGE 6557 2562 0732 4754 6913,78309183.8725
49,6134343400,FR10 5028 3698 16NR 4PBM CHKD D36,36203196.2664
25,8525094977,GT83 XWNL FHJS MTTB 2BOQ SB39 VU0N,2902439.6509
31,6439630378,FR23 7947 4189 97HQ GCKU S1JW T00,5302362.1155
41,6895951241,FR24 4952 2062 70ER PGMV VNP6 D63,35319768.5432
34,6030987317,SE91 3822 0335 1579 8401 2921,91538645.4813
47,9427731607,FR48 1103 0434 51AY ESAL MZLU E89,58229218.7966
8,9099936706,MT13 YXNL 6171 2ORU YAL4 ZMVN KSVL TTV,73433977.2905
37,9102482978,ME40 4236 1937 3478 6849 29,34287743.9372
35,8680397894,FR59 2495 7327 05AJ EZTH MDCL G85,76370929.2295
45,6665590939,HR54 5649 7024 2927 3583 1,16120250.8985
31,9139278438,ES44 0580 7135 9223 0075 5321,86106551.2393
9,8522276822,IE81 DLJH 3237 0204 4538 48,40766233.7959
10,8591919049,FR98 0863 7169 69MH ELA5 UVGA 965,15899027.3637
2,6699667951,KZ50 217C S4DA PKOA GENT,34814373.4795
6,7422233777,IE86 ABTZ 4909 7890 1539 49,67588725.6024
14,7635183358,DK05 2379 8629 0393 59,47613442.851
1,9395938332,ES51 2824 9575 5067 2718 4633,98552714.0385
32,8932565692,SK35 8163 6979 1958 5656 4459,37785192.3684
9,5135584028,EE71 3868 2578 1367 8868,86237391.6641
27,5178089484,FR58 7579 1510 97ZF LPK4 YSZT I86,50667904.6574
16,5782630887,SA55 494B HACK TSZM LEPP BAQP,76438887.7718
47,6467888368,KZ69 662W YIOS INMA 8ZSI,93057438.5034
18,9301078303,AT81 5348 4839 2195 2147,42091468.8475
28,8008268247,HR86 1779 2708 5412 0592 3,57998993.3729
16,6043121193,SI28 3679 0954 6092 580,52600342.0705
30,6035978805,LI75 8456 7DHJ ZM7V 7KHX W,28653518.5458
12,5456528695,RO90 YZSG QAO3 OUGG URU5 G56L,94877239.7776
26,7924293866,PT16 7896 7587 2879 4753 0617 5,83186499.3331
32,9697685541,FR42 9180 6237 79CQ ZUWR 1RUB Q95,3167565.1034
10,9832592450,SM49 H905 6685 0457 ATAK H0TI VP3,4330990.2872
26,8718183302,MK29 992Y 7JR2 IEUH X66,9559615.1601
21,7294501482,LV73 LPQE TQMW DH9X KHJU Z,71855570.6389
16,6503499863,KZ02 552B 2ABV 3ALN ZLO1,43627621.3136
22,8611038974,MT58 YQLU 0320 89GW RVEM ILM7 KHN7 LVF,12671965.829
47,5881626989,ME93 9180 9842 3441 1137 79,91800115.6699
50,8031798950,VG88 KFCO 9501 1333 9337 4124,45148294.6692
38,9888155222,LT35 7386 2912 4449 4151,61567032.6639
9,9126429268,FR18 6682 3688 62IW FZ9Y JIMC Y41,32759003.936
42,7389536813,VG35 ARYZ 3777 8201 0423 4281,77561521.1547
34,5745701037,LB31 5394 IYFG 5JAB F1EG FSVP QTP2,54848869.0173
34,5657689314,FR64 4508 5165 07TQ SAHC 7TXB R13,11568992.3465
11,8074519424,IT09 H065 0515 814Y RMSU BFUG VWL,20017183.5443
41,9072457525,FR50 1478 2008 64EB GA8N EYV2 L79,70872149.1613
46,7279530304,FR87 8878 3607 59NW CBJF UV0W F29,88359149.5884
36,5395891020,SI71 5855 9019 1146 733,11634575.5746
7,7381460738,RO72 PHJZ GKXR YC2I YUGL BUHA,56776245.6117
33,7620841510,LU94 0642 EQ8W HW9A NID2,70142810.9484
10,5178878053,SE34 5663 3178 5004 4037 2654,75126569.113
37,7264334443,GI29 XRNX DZKC TKGA OYVP LAO,94436945.3069
9,7210484192,IL27 4437 1216 7563 8581 172,2355606.077
11,5944079369,FR72 6231 2642 64A5 P18O 9QZO H77,14001795.9463
20,7765316700,FR13 6552 6829 46CC NY5T BOQ1 006,56262358.6537
32,5630168983,FR67 0043 9135 80T8 9CB8 YCPT R34,62823084.5041
46,9882508045,SE74 4262 3793 6462 7670 5027,72678409.5206
16,7844532985,FR33 7645 8434 97F3 LVBJ QMF7 K45,12220639.9733
2,8958697095,AE47 7826 5321 9121 1172 218,56196514.4095
45,6774749101,DO95 7KOO 8245 5252 3295 9793 5063,28449631.0816
33,7607979397,LT17 8570 4826 3135 5476,93158632.0798
41,6647121011,FR60 7333 4579 54F6 QYXF JV3O F32,49803032.3237
3,9971373935,FR67 5826 2126 59JJ 0UAU DOAI D05,95796968.6923
7,7521337916,BG90 GKBW 7240 47OI 1WIQ OD,26072019.9135
27,7867634704,BR32 7331 5310 2511 5556 1494 095X 8,4345021.1052
40,7701433242,FR94 3955 2184 570N M7GX 72JT R98,70398427.9293
41,6448811668,DE48 2442 8508 2840 0594 72,53799913.3231
12,8425484770,AD16 9414 3654 ZUJL 6AHV VQLW,26056157.8468
6,8730757220,LB53 3499 ASPA AFWV LUHM YRW3 LQBP,69367677.6778
21,7110578196,KZ60 160S YUJU X2T2 JQLS,82468661.0812
50,8062509630,IE88 ACRE 2128 6928 8115 19,77954082.8283
26,6598842699,AT33 1046 8258 3546 5255,67909629.7039
24,6198736590,EE31 0201 6134 6431 7057,42233794.6465
5,9706440696,FR86 9091 8069 00W2 UKBQ VC9Z 028,10505218.6259
41,9870702013,AT43 2868 2348 1047 9910,51248389.3377
29,7453542244,BG90 AZLD 2056 54AN D5N9 ZT,53930272.0662
23,9000086630,CH60 1967 2K4U XMXN GO18 6,45788061.1125
46,9728922516,BE34 9547 0972 5751,38414580.0617
39,5460348607,FI48 8027 7439 9603 66,92709251.4779
11,5226705733,FR87 5040 4311 94VO WZWO OOJM X86,90435580.1281
20,9834470545,LI96 0017 4CJF KCBV MN78 F,79430148.5635
7,8000474697,FR11 0112 8129 69LM U4ZZ HVCQ S83,79657165.2089
4,9572877881,BE93 4693 9693 7519,96593565.3368
37,6598893321,LB88 4671 PUTF GTNN MA7H FK9Y A4IX,93205843.852
46,8819155395,ME71 7339 6789 5889 2933 09,77358017.0569
9,5546548128,FR77 3544 8116 55DM IQHL ANDI I67,13395024.5635
47,5357783446,FI04 4131 2000 2791 54,93830091.4949
42,6513584274,GI80 HLSW 5RQW LBAP BGGK Q98,67657386.0743
17,9268563195,MC29 6973 0404 57D0 4RVT SWRY V75,31634090.6762
10,8310817420,AD05 4208 2509 XKT0 NIDC SOQA,41414954.3113
24,9323624755,SI80 5494 0401 7511 794,36033641.1761
10,9658364410,LV72 JPMY MBNN W92Y KAEP G,60243263.5149
37,5310145260,LI46 9981 85NI CHIA 3QTC C,62854967.9665
28,9782655090,AE57 6935 1146 7011 6907 915,73969091.2974
14,9086874634,IL70 9303 1899 7662 7791 866,39439471.4602
17,8902294528,TR46 6798 3GVK ATKT Z96Q 1MDU XE,32387235.0045
15,7687608350,FR85 6177 6871 50CS 4QGY 7K2H A51,38214086.2935
37,6283274546,GL13 5521 4489 7271 98,70215145.3465
2,9684040575,IE06 HATP 4374 0085 5957 59,12355747.5498
37,6473440927,KZ53 016A 7GAK WXXV JE8C,47072.0268
48,6554724046,DE93 7057 6611 3007 5866 52,56705764.5901
25,9553009466,FR72 1077 2227 51RD WWON 8HHE M63,28669744.7991
